##########################################################
# Vehicle Type
##########################################################
INSERT INTO Vehicle_Type (Vehicle_Type_ID, Description)
VALUES (1, "Bus"),
       (2, "Car/Truck");

##########################################################
# Fuel Type
##########################################################
INSERT INTO Fuel_Type (Fuel_Type_ID, Description)
VALUES (1, "Diesel"),
       (2, "Gas 95");

##########################################################
# Vehicle
##########################################################
INSERT INTO Vehicle (Vehicle_ID, Description, Vehicle_Type_ID, Fuel_Type_ID)
VALUES (1, "Bus 1", 1, 1),
       (2, "Car 1", 2, 2),
       (3, "Truck 1", 2, 1),
       (4, "Car 2", 2, 2),
       (5, "Car 3", 2, 2),
       (6, "Car 4", 2, 2),
       (7, "Car 5", 2, 2),
       (8, "Truck 2", 2, 1),
       (9, "Bus 2", 1, 1);

##########################################################
# Fuel
##########################################################
INSERT INTO Fuel (Start_Date, End_Date, Amount, Vehicle_ID)
VALUES ('2018-01-01' , '2018-01-31', 46, 1),
       ('2018-02-01' , '2018-02-28', 46, 1),
       ('2018-03-01' , '2018-03-31' , 46, 1),
       ('2018-04-01' , '2018-04-30' , 46, 1),
       ('2018-05-01' , '2018-05-31' , 46, 1),
       ('2018-06-01' , '2018-06-30' , 46, 1),	
       ('2018-07-01' , '2018-07-31' , 46, 1),
       ('2018-08-01' , '2018-08-31' , 46, 1), 
       ('2018-09-01' , '2018-09-30' , 46, 1),
       ('2018-10-01' , '2018-10-31' , 46, 1),
       ('2018-11-01' , '2018-11-30' , 46, 1),
       ('2018-12-01' , '2018-12-31' , 46, 1),
       ('2018-01-01' , '2018-01-31', 52, 2),
       ('2018-02-01' , '2018-02-28', 52, 2),
       ('2018-03-01' , '2018-03-31' , 52, 2),
       ('2018-04-01' , '2018-04-30' , 52, 2),
       ('2018-05-01' , '2018-05-31' , 52, 2),
       ('2018-06-01' , '2018-06-30' , 52, 2),	
       ('2018-07-01' , '2018-07-31' , 52, 2),
       ('2018-08-01' , '2018-08-31' , 52, 2), 
       ('2018-09-01' , '2018-09-30' , 52, 2),
       ('2018-10-01' , '2018-10-31' , 52, 2),
       ('2018-11-01' , '2018-11-30' , 52, 2),
       ('2018-12-01' , '2018-12-31' , 52, 2),
       ('2018-01-01' , '2018-01-31', 27, 3),
       ('2018-02-01' , '2018-02-28', 27, 3),
       ('2018-03-01' , '2018-03-31' , 27, 3),
       ('2018-04-01' , '2018-04-30' , 27, 3),
       ('2018-05-01' , '2018-05-31' , 27, 3),
       ('2018-06-01' , '2018-06-30' , 27, 3),	
       ('2018-07-01' , '2018-07-31' , 27, 3),
       ('2018-08-01' , '2018-08-31' , 28, 3), 
       ('2018-09-01' , '2018-09-30' , 29, 3),
       ('2018-10-01' , '2018-10-31' , 29, 3),
       ('2018-11-01' , '2018-11-30' , 29, 3),
       ('2018-12-01' , '2018-12-31' , 29, 3),

       ('2018-01-01' , '2018-01-31', 50,4),
       ('2018-02-01' , '2018-02-28', 51,4),
       ('2018-03-01' , '2018-03-31' , 51,4),
       ('2018-04-01' , '2018-04-30' , 51, 4),
       ('2018-05-01' , '2018-05-31' , 51,4),
       ('2018-06-01' , '2018-06-30' , 51,4),	
       ('2018-07-01' , '2018-07-31' , 51,4),
       ('2018-08-01' , '2018-08-31' , 51,4), 
       ('2018-09-01' , '2018-09-30' , 51,4),
       ('2018-10-01' , '2018-10-31' , 51,4),
       ('2018-11-01' , '2018-11-30' , 51,4),
       ('2018-12-01' , '2018-12-31' , 51,4),
       ('2018-01-01' , '2018-01-31', 85, 5),
       ('2018-02-01' , '2018-02-28', 85, 5),
       ('2018-03-01' , '2018-03-31' , 85, 5),
       ('2018-04-01' , '2018-04-30' , 85, 5),
       ('2018-05-01' , '2018-05-31' , 85, 5),
       ('2018-06-01' , '2018-06-30' , 85, 5),	
       ('2018-07-01' , '2018-07-31' , 85, 5),
       ('2018-08-01' , '2018-08-31' , 85, 5), 
       ('2018-09-01' , '2018-09-30' , 85, 5),
       ('2018-10-01' , '2018-10-31' , 85, 5),
       ('2018-11-01' , '2018-11-30' , 85, 5),
       ('2018-12-01' , '2018-12-31' , 85, 5),
       ('2018-01-01' , '2018-01-31', 105, 6),
       ('2018-02-01' , '2018-02-28', 105, 6),
       ('2018-03-01' , '2018-03-31' , 105, 6),
       ('2018-04-01' , '2018-04-30' , 105, 6),
       ('2018-05-01' , '2018-05-31' , 105, 6),
       ('2018-06-01' , '2018-06-30' , 105, 6),	
       ('2018-07-01' , '2018-07-31' , 105, 6),
       ('2018-08-01' , '2018-08-31' , 105, 6), 
       ('2018-09-01' , '2018-09-30' , 105, 6),
       ('2018-10-01' , '2018-10-31' , 105, 6),
       ('2018-11-01' , '2018-11-30' , 105, 6),
       ('2018-12-01' , '2018-12-31' , 105, 6),
       ('2018-01-01' , '2018-01-31', 82, 7),
       ('2018-02-01' , '2018-02-28', 82, 7),
       ('2018-03-01' , '2018-03-31' , 82, 7),
       ('2018-04-01' , '2018-04-30' , 82, 7),
       ('2018-05-01' , '2018-05-31' , 82, 7),
       ('2018-06-01' , '2018-06-30' , 82, 7),	
       ('2018-07-01' , '2018-07-31' , 82, 7),
       ('2018-08-01' , '2018-08-31' , 82, 7), 
       ('2018-09-01' , '2018-09-30' , 82, 7),
       ('2018-10-01' , '2018-10-31' , 82, 7),
       ('2018-11-01' , '2018-11-30' , 82, 7),
       ('2018-12-01' , '2018-12-31' , 82, 7),
       ('2018-01-01' , '2018-01-31', 60, 8),
       ('2018-02-01' , '2018-02-28', 60, 8),
       ('2018-03-01' , '2018-03-31' , 60, 8),
       ('2018-04-01' , '2018-04-30' , 60, 8),
       ('2018-05-01' , '2018-05-31' , 60, 8),
       ('2018-06-01' , '2018-06-30' , 60, 8),	
       ('2018-07-01' , '2018-07-31' , 60, 8),
       ('2018-08-01' , '2018-08-31' , 60, 8), 
       ('2018-09-01' , '2018-09-30' , 60, 8),
       ('2018-10-01' , '2018-10-31' , 60, 8),
       ('2018-11-01' , '2018-11-30' , 60, 8),
       ('2018-12-01' , '2018-12-31' , 60, 8),
       ('2018-01-01' , '2018-01-31', 35, 9),
       ('2018-02-01' , '2018-02-28', 35, 9),
       ('2018-03-01' , '2018-03-31' , 35, 9),
       ('2018-04-01' , '2018-04-30' , 35, 9),
       ('2018-05-01' , '2018-05-31' , 35, 9),
       ('2018-06-01' , '2018-06-30' , 35, 9),	
       ('2018-07-01' , '2018-07-31' , 35, 9),
       ('2018-08-01' , '2018-08-31' , 35, 9), 
       ('2018-09-01' , '2018-09-30' , 36, 9),
       ('2018-10-01' , '2018-10-31' , 36, 9),
       ('2018-11-01' , '2018-11-30' , 36, 9),
       ('2018-12-01' , '2018-12-31' , 36, 9);

##########################################################
# Trip_Group
##########################################################
INSERT INTO Trip_Group (Trip_Group_ID, Description, Teacher_Only)
VALUES(1, "SEASAC", 0),
      (2, "SEAMC", 0),
      (3, "AMIS", 0),
      (4, "YAC", 0),
      (5, "WWW", 0),
      (6, "Field Trip", 0),
      (7, "PD & Home Leave", 1);

##########################################################
# Trip
##########################################################
INSERT INTO Trip (Start_Date, End_Date, Trip_Group_ID, Description, Number_of_Buses, Bus_Distance, Flight_Distance, Number_of_Students, Number_of_Teachers)
VALUES("2018-10-01","2018-10-05",1, "Basketball Boys", 0, 0, 1680, 10, 1),
      ("2018-10-01","2018-10-05",1, "Basketball Girls", 0, 0, 1940, 10, 1),
      ("2019-04-01","2019-04-05",1, "Softball Boys", 0, 0, 1940, 12, 1),
      ("2019-04-01","2019-04-05",1, "Softball Girls", 0, 0, 0, 12, 1),
      ("2018-11-01","2018-11-05",1, "Volleyball Boys", 0, 0, 1940, 12, 1),
      ("2018-11-01","2018-11-05",1, "Volleyball Girls", 0, 0, 0, 12, 1),
      ("2019-03-01","2019-03-05",1, "Golf", 0, 0, 1680, 9, 2),
      ("2019-03-01","2019-03-05",1, "Tenis", 0, 0, 1960, 15, 2),
      ("2019-02-01","2019-02-05",1, "Art", 0, 0, 1940, 15, 2),
      ("2019-05-01","2019-05-05",1, "Badminton", 0, 0, 1940, 14, 2),
      ("2018-09-01","2018-09-05",1, "Swimming", 0, 0, 0, 16, 2),
      ("2019-05-01","2019-05-05",1, "Rugby Girls", 0, 0, 1940, 13, 2),
      ("2019-04-01","2019-04-05",1, "Soccer", 0, 0, 620, 25, 2),
      ("2019-04-01","2019-04-05",2, "Mathematics", 0, 0, 1320, 12, 2),
      ("2019-02-01","2019-02-05",3, "HS Band", 0, 0, 10928, 2, 1),
      ("2019-02-01","2019-02-05",3, "MS Band", 0, 0, 3465, 2, 1),
      ("2019-02-01","2019-02-05",3, "HS Choir", 0, 0, 3870, 5, 1),
      ("2019-02-01","2019-02-05",3, "MS Choir", 0, 0, 3606, 8, 1),
      ("2019-02-01","2019-02-05",3, "HS Orchestra", 0, 0, 2838, 1, 1),

      ("2018-10-01","2018-10-05",5, "Grade 6", 2, 285, 0, 60, 9),
      ("2018-10-01","2018-10-05",5, "Grade 7", 2, 285, 0, 58, 9),
      ("2018-10-01","2018-10-05",5, "Grade 8", 0, 0, 780, 67, 9),
      ("2018-12-01","2018-12-05",5, "Grade 9", 0, 0, 575, 62, 9),
      ("2018-12-01","2018-12-05",5, "Grade 10", 2, 285, 0, 55, 9),
      ("2018-12-01","2018-12-05",5, "Grade 11", 0, 0, 610, 59, 9),
      ("2018-12-01","2018-12-05",5, "Grade 12", 0, 0, 1954, 51, 9),
      ("2019-02-01","2019-02-05",6, "Ski Trip", 2, 534, 8458, 20, 2),     
      ("2018-08-01","2019-06-30",7, "Combined Total", 0, 0, 180104, 0, 1),
      ("2018-08-01","2019-06-30",7, "Combined Total", 0, 0, 2235736, 0, 1);

##########################################################
# Electricity
##########################################################
INSERT INTO Electricity (Start_Date, End_Date, Meter_Units)
VALUES('2018-01-01' , '2018-01-31' , 96882),
      ('2018-02-01' , '2018-02-28' , 109164),
      ('2018-03-01' , '2018-03-31' , 129800),
      ('2018-05-01' , '2018-05-31' , 154352),
      ('2018-06-01' , '2018-06-30' , 99968),	
      ('2018-07-01' , '2018-07-31' , 75504),
      ('2018-08-01' , '2018-08-31' , 122848),
      ('2018-09-01' , '2018-09-30' , 154176),
      ('2018-10-01' , '2018-10-31' , 46510),
      ('2018-11-01' , '2018-11-30' , 138180),
      ('2018-12-01' , '2018-12-31' , 109920);

##########################################################
# Generator
##########################################################
INSERT INTO Generator (Start_Date, End_Date, Amount)
VALUES ('2018-01-01' , '2018-01-31' , 631.333),
       ('2018-02-01' , '2018-02-28' , 631.333),
       ('2018-03-01' , '2018-03-31' , 631.333),
       ('2018-04-01' , '2018-04-30' , 631.333),
       ('2018-05-01' , '2018-05-31' , 631.333),
       ('2018-06-01' , '2018-06-30' , 631.333),
       ('2018-07-01' , '2018-07-31' , 631.333),
       ('2018-08-01' , '2018-08-31' , 631.333),
       ('2018-09-01' , '2018-09-30' , 631.333),
       ('2018-10-01' , '2018-10-31' , 631.333),
       ('2018-11-01' , '2018-11-30' , 631.333),
       ('2018-12-01' , '2018-12-31' , 631.333);

##########################################################
# AC_Type
##########################################################
INSERT INTO AC_Type (AC_Type_ID, Description)
VALUES (1 , 'Mitsubishi'),
       (2 , 'Panasonic'),
       (3 , 'York (Multi-system)'),
       (4 , 'York (A/C Unit)');

##########################################################
# AC_Amount
##########################################################
INSERT INTO AC_Amount (AC_Type_ID, Checked_Date, Amount)
VALUES (1 , '2018-01-01', 26),
       (2 , '2018-01-01', 88),
       (3 , '2018-01-01', 90),
       (4 , '2018-01-01', 26);

##########################################################
# AC_CO2
##########################################################
INSERT INTO AC_CO2 (AC_Type_ID, Start_Date, Multiplier)
VALUES (1 , '2018-01-01' , 91),
    (2 , '2018-01-01' , 58),
    (3 , '2018-01-01' , 174),
    (4 , '2018-01-01' , 102);



##########################################################
# Paper
##########################################################
INSERT into Paper(Paper_ID, Start_Date, End_Date, A4_Reams, A3_Reams) 
VALUES (1, '2019-01-01', '2019-02-01',   150, 0),
       (2, '2019-02-01', '2019-03-01',   175, 0),
       (3, '2019-03-01', '2019-04-01',   160, 0),
       (4, '2019-04-01', '2019-05-01',   175, 0),
       (5, '2019-05-01', '2019-06-01',   130, 0),
       (6, '2019-06-01', '2019-07-01',   145, 0),
       (7, '2018-07-01', '2018-08-01',   150, 0),
       (8, '2018-08-01', '2018-09-01',   175, 0),
       (9, '2018-09-01', '2018-010-01',  100, 0),
       (10, '2018-10-01', '2018-11-01',  125, 0),
       (11, '2018-11-01', '2018-12-01',  115, 0),
       (12, '2018-12-01', '2019-01-01',  135, 0);

##########################################################
# Yearbook
##########################################################
INSERT into Year_Book (YearBook_ID, Year, Pages, Copies )
Values (1, '2019-05-29', 240, 900);


##########################################################
# Waste_Type
##########################################################
INSERT into Waste_Type(Waste_Type_ID, Description, Capacity, Total)
VALUES (1, 'Large bin', 1863000, 3),
       (2, 'Small bin' , 1375000, 5);

##########################################################
# Waste
##########################################################
INSERT into Waste (Waste_ID, Waste_Type_ID, Start_Date, End_Date, Amount) 
VALUES (1,  1, "2019-01-01", "2019-02-01", 8),
       (2,  1, "2019-02-01", "2019-03-01", 8),
       (3,  1, "2019-03-01", "2019-04-01", 8),
       (4,  1, "2019-04-01", "2019-05-01", 8),
       (5,  1, "2019-05-01", "2019-06-01", 8),
       (6,  1, "2019-06-01", "2019-07-01", 8),
       (7,  1, "2019-07-01", "2019-08-01", 8),
       (8,  1, "2019-08-01", "2019-09-01", 8),
       (9,  1, "2019-09-01", "2019-10-01", 8),
       (10, 1, "2019-10-01", "2019-11-01", 8),
       (11, 1, "2019-11-01", "2019-12-01", 8),
       (12, 1, "2019-12-01", "2020-01-01", 8),
       (13, 2, "2019-01-01", "2019-02-01", 8),
       (14, 2, "2019-02-01", "2019-03-01", 8),
       (15, 2, "2019-03-01", "2019-04-01", 8),
       (16, 2, "2019-04-01", "2019-05-01", 8),
       (17, 2, "2019-05-01", "2019-06-01", 8),
       (18, 2, "2019-06-01", "2019-07-01", 8),
       (19, 2, "2019-07-01", "2019-08-01", 8),
       (20, 2, "2019-08-01", "2019-09-01", 8),
       (21, 2, "2019-09-01", "2019-10-01", 8),
       (22, 2, "2019-10-01", "2019-11-01", 8),
       (23, 2, "2019-11-01", "2019-12-01", 8),
       (24, 2, "2019-12-01", "2020-01-01", 8);

