##########################################################
# Vehicle Type
##########################################################

##########################################################
# Vehicle
##########################################################

##########################################################
# Fuel Type
##########################################################

##########################################################
# Fuel
##########################################################

##########################################################
# Electricity
##########################################################
INSERT INTO Electricity (Start_Date, End_Date, Meter_Units)
VALUES('2018-01-01' , '2018-01-31' , 96882),
      ('2018-02-01' , '2018-02-28' , 109164),
      ('2018-03-01' , '2018-03-31' , 129800),
      ('2018-05-01' , '2018-05-31' , 154352),
      ('2018-06-01' , '2018-06-30' , 99968),	
      ('2018-07-01' , '2018-07-31' , 75504),
      ('2018-08-01' , '2018-08-31' , 122848),
      ('2018-09-01' , '2018-09-30' , 154176),
      ('2018-10-01' , '2018-10-31' , 46510),
      ('2018-11-01' , '2018-11-30' , 138180),
      ('2018-12-01' , '2018-12-31' , 109920);

##########################################################
# Generator
##########################################################
INSERT INTO Generator (Start_Date, End_Date, Amount)
VALUES ('2018-01-01' , '2018-01-31' , 631.333),
       ('2018-02-01' , '2018-02-28' , 631.333),
       ('2018-03-01' , '2018-03-31' , 631.333),
       ('2018-04-01' , '2018-04-30' , 631.333),
       ('2018-05-01' , '2018-05-31' , 631.333),
       ('2018-06-01' , '2018-06-30' , 631.333),
       ('2018-07-01' , '2018-07-31' , 631.333),
       ('2018-08-01' , '2018-08-31' , 631.333),
       ('2018-09-01' , '2018-09-30' , 631.333),
       ('2018-10-01' , '2018-10-31' , 631.333),
       ('2018-11-01' , '2018-11-30' , 631.333),
       ('2018-12-01' , '2018-12-31' , 631.333);

##########################################################
# AC_Type
##########################################################
INSERT INTO AC_Type (AC_Type_ID, Description, Checked_Date, Number)
VALUES (1 , 'Mitsubishi', '2018-01-01', 26),
       (2 , 'Panasonic', '2018-01-01', 88),
       (3 , 'York (Multi-system)', '2018-01-01', 90),
       (4 , 'York (A/C Unit)', '2018-01-01', 26);

##########################################################
# AC_CO2
##########################################################
INSERT INTO AC_CO2 (AC_Type_ID, Start_Date, Multiplier)
VALUES (1 , '2018-01-01' , 91),
    (2 , '2018-01-01' , 58),
    (3 , '2018-01-01' , 174),
    (4 , '2018-01-01' , 102);



##########################################################
# Paper
##########################################################
INSERT into Paper(Paper_ID, Start_Date, End_Date, A4_Reams) 
VALUES (1, "2017-01-01", "2017-02-01",   150),
       (2, "2017-02-01", "2017-03-01",   175),
       (3, "2017-03-01", "2017-04-01",   160),
       (4, "2017-04-01", "2017-05-01",   175),
       (5, "2017-05-01", "2017-06-01",   130),
       (6, "2017-06-01", "2017-07-01",   145),
       (7, "2017-07-01", "2017-08-01",   150),
       (8, "2017-08-01", "2017-09-01",   175),
       (9, "2017-09-01", "2017-010-01",  100),
       (10, "2017-10-01", "2017-11-01",  125),
       (11, "2017-11-01", "2017-12-01",  115),
       (12, "2017-12-01", "2018-01-01",  135), 
       (13, "2019-05-29", "2019-05-29",  420);

##########################################################
# Yearbook
##########################################################
INSERT into Yearbook (Yearbook_ID, Date, Paper_Paper_ID )
Values (1, "2019-05-29", 13);


##########################################################
# Waste_Type
##########################################################
INSERT into Waste_Type(Waste_Type_ID, Description, Capacity, Quantity)
(1, "Large bin", 1.863, 3),
(2, "Small bin" , 1.375, 5);

##########################################################
# Waste
##########################################################
INSERT into Waste (Waste_ID, Type, Start_Date, End_Date, Amount) 
VALUES (1,  1, "2019-01-01", "2019-02-01", 8),
       (2,  1, "2019-02-01", "2019-03-01", 8),
       (3,  1, "2019-03-01", "2019-04-01", 8),
       (4,  1, "2019-04-01", "2019-05-01", 8),
       (5,  1, "2019-05-01", "2019-06-01", 8),
       (6,  1, "2019-06-01", "2019-07-01", 8),
       (7,  1, "2019-07-01", "2019-08-01", 8),
       (8,  1, "2019-08-01", "2019-09-01", 8),
       (9,  1, "2019-09-01", "2019-10-01", 8),
       (10, 1, "2019-10-01", "2019-11-01", 8),
       (11, 1, "2019-11-01", "2019-12-01", 8),
       (12, 1, "2019-12-01", "2020-01-01", 8),
       (13, 2, "2019-01-01", "2019-02-01", 8),
       (14, 2, "2019-02-01", "2019-03-01", 8),
       (15, 2, "2019-03-01", "2019-04-01", 8),
       (16, 2, "2019-04-01", "2019-05-01", 8),
       (17, 2, "2019-05-01", "2019-06-01", 8),
       (18, 2, "2019-06-01", "2019-07-01", 8),
       (19, 2, "2019-07-01", "2019-08-01", 8),
       (20, 2, "2019-08-01", "2019-09-01", 8),
       (21, 2, "2019-09-01", "2019-10-01", 8),
       (22, 2, "2019-10-01", "2019-11-01", 8),
       (23, 2, "2019-11-01", "2019-12-01", 8),
       (24, 2, "2019-12-01", "2020-01-01", 8);

